Rank,TeamId,TeamName,LastSubmissionDate,Score,SubmissionCount,TeamMemberUserNames
1,15486939,nvbanana,"2026-05-16 14:36:29",42.64,28,"cpmpml,darraghdog"
2,15531975,"Sanjay Dutt","2026-04-17 04:08:32",33.47,17,sanjaygoyal1982
3,15618366,"Hiểu Vy","2026-05-15 17:49:42",33.47,12,thangnm1
4,15500458,Renoir,"2026-05-16 00:55:28",33.06,44,itahiro
5,15526034,keithtyser,"2026-05-12 02:00:47",33.06,20,keithtyser
6,15497207,"Tony Li","2026-04-20 06:21:53",32.64,9,tonylica
7,15494362,SVG,"2026-04-16 06:23:57",32.64,19,sandeepgoyal1980
8,15520034,"Kamado Tanjiro","2026-04-17 05:42:55",32.64,19,parthg0106
9,15492775,"Mathurin Ache","2026-05-13 06:14:55",32.64,35,mathurinache
10,15520038,"[a-z A-Z] [1-9]","2026-04-16 06:23:30",32.64,18,sumanb1985
11,15531109,zigo,"2026-04-19 20:44:29",32.64,16,zigohr
12,15652647,"PEI HAOYU 0805","2026-04-22 03:04:35",32.64,3,peihaoyu0805
13,15510100,Tshithihi,"2026-05-04 17:45:26",32.64,8,nawfeelrahman1124444
14,15487968,"Jack Cole","2026-05-16 00:00:23",32.36,53,jcole75
15,15494357,"Van-Phuc Huynh","2026-05-15 01:28:34",32.36,44,hvanphucs112
16,15517102,IC2,"2026-05-14 01:54:49",32.22,28,jonathanchan
17,15500980,today,"2026-05-15 12:28:21",32.22,48,today55
18,15493126,theredbluepill,"2026-05-15 16:34:29",32.22,32,poonszesen
19,15494530,Snow,"2026-05-15 23:04:59",32.22,14,tasniemnasser
20,15660738,"Ahmet Pamuk","2026-05-14 18:53:27",32.22,2,ahmeterdempamuk
21,15617026,"VAP RF5","2026-05-15 13:26:09",31.94,22,vaprf5
22,15557805,NNMax,"2026-04-17 06:40:04",31.81,4,ashok205
23,15552544,"Komil Parmar","2026-04-13 07:55:37",31.81,3,komilparmar
24,15489994,songling,"2026-04-24 03:14:37",31.81,15,"lvbingrong,miguelhu,oralia"
25,15490244,dlwzq,"2026-04-21 15:37:00",31.81,2,wuzhiqiang01
26,15494442,"Ifeoluwa Adewumi","2026-04-15 11:19:04",31.81,1,ifeadewumi
27,15495199,Aiska,"2026-04-24 03:09:15",31.81,9,sapr3s
28,15633925,Disgon,"2026-05-16 04:18:03",31.81,30,vbardiovsky
29,15647123,Penguin,"2026-05-16 03:53:49",31.81,29,penguin069
30,15499141,"kwon yong deuk","2026-05-11 00:03:30",31.81,45,kwonyongdeuk
31,15487592,CCT,"2026-05-15 05:28:02",31.81,34,chuhanwu86
32,15488123,"Breno & Sebastian","2026-05-07 13:49:04",31.81,36,"brenorb,sebastianmateus"
33,15595459,Ernie,"2026-05-16 00:44:27",31.81,36,ernie55ernie
34,15516639,双人成行,"2026-05-15 06:44:47",31.81,16,"alisenkorea,echochen0518"
35,15787984,singasongcw,"2026-05-05 10:56:40",31.81,3,chaewon24
36,15649571,sap123,"2026-05-10 19:16:08",31.81,14,shashwatparikh
37,15626336,Hossein,"2026-05-11 18:05:30",31.81,23,tomi85
38,15629362,"Kumar Abhijeet","2026-05-13 04:07:54",31.81,5,krabhijeet
39,15658284,"Nazura Wirayuda Tama","2026-05-15 23:15:33",31.81,19,nazurawirayudatama
40,15786888,"Kun Zhang","2026-05-15 02:31:45",31.81,14,beicicc
41,15510859,Mattpelor,"2026-05-16 05:06:41",31.67,29,mattpelor
42,15520042,"Redfield Rentals","2026-04-17 05:43:29",31.53,19,niyatisingla
43,15522728,"Junhua Yang","2026-05-16 08:32:01",31.53,47,junhuay
44,15944042,MLRush,"2026-05-14 02:02:51",31.53,1,mlrush
45,15486893,"THUNDER THUNDER","2026-04-08 10:52:57",31.39,2,thunderthunder
46,15527643,"Roasted Duck","2026-04-14 18:33:21",31.39,5,trongmp04
47,15491104,chinnum97,"2026-05-16 06:39:40",31.39,7,madarshbb
48,15563011,kcy4,"2026-04-12 22:34:11",31.39,3,cy4ego
49,15590761,"Seok, Jeongeum","2026-05-15 15:08:26",31.39,30,seokjeongeum
50,15500647,"Yasser Othman","2026-05-15 11:56:42",31.39,21,yasserothman
51,15520031,"Dhanashree Chavan","2026-04-17 04:09:06",31.39,19,dhanashreechavan2000
52,15578667,hongan,"2026-04-12 16:10:12",31.39,5,honganzhu
53,15736695,"Muhammad Atif","2026-04-26 04:59:13",31.39,10,"atifkhan12,hweowe"
54,15499730,"Nikita Makarov","2026-04-26 18:50:16",31.39,2,nikimakarov
55,15498576,TuMinhDang,"2026-05-11 08:10:51",31.39,4,darkswordmg
56,15495048,"Surya milenial","2026-05-16 04:53:04",31.39,33,suryamilenial
57,15633621,"Guanshuo Xu","2026-04-22 02:41:56",31.39,1,wowfattie
58,15491167,Kh0a,"2026-04-22 04:30:55",31.39,2,llkh0a
59,15486751,"Recovering ARC-aholic","2026-05-15 23:51:52",31.39,34,nihilisticneuralnet
60,15623254,"Mudit Chaturvedi","2026-05-08 16:58:03",31.39,14,muchat007
61,15499408,JRSSKumarD,"2026-04-29 01:10:51",31.39,2,jrsskumard
62,15495280,Yusuraume,"2026-05-16 03:52:51",31.39,37,sugitatomohiko
63,15511497,Dr_F,"2026-05-15 23:24:51",31.39,13,algebraictopology
64,15496197,"Bradley Shervheim","2026-05-15 23:58:23",31.39,44,bradleyshervheim
65,15582920,colt,"2026-05-04 10:56:39",31.39,3,xiaomaguo
66,15584484,"Aman Atar","2026-05-09 14:22:58",31.39,19,amanatar
67,15537955,"HARRABI Raouf","2026-05-15 04:16:00",31.39,26,harrabiraouf
68,15903566,"Nischay Dhankhar","2026-05-13 07:52:50",31.39,2,nischaydnk
69,15571791,"omar zoloev","2026-05-16 01:59:09",31.39,30,tsebaka
70,15592005,Blu3s,"2026-04-28 22:43:35",31.25,15,atteincueo
71,15520047,"Winner Winner, BBQ Dinner","2026-04-17 05:43:12",31.11,19,manavsingla2005
72,15523524,"Muhammad Junaid","2026-04-15 14:51:38",31.11,3,junaid512
73,15508009,CuteClaw,"2026-04-24 13:27:54",31.11,26,bloodmoonwq
74,15640821,"Ayman Hamed","2026-05-05 09:09:43",31.11,15,ayman3000
75,15724474,LogicLab,"2026-05-08 01:12:05",31.11,10,logiclab
76,15494594,kglctf,"2026-05-10 23:57:14",30.97,31,kglctf
77,15491319,"Jeki Wan Taufik","2026-05-10 06:36:38",30.97,9,jek1wantaufik
78,15500245,"Aleksandr Lutskiy","2026-05-11 17:30:44",30.97,14,aleksandrlutskiy
79,15488778,"Kenleung Leung","2026-05-15 17:17:39",30.97,29,kenleungleung
80,15575329,"Yiheng Wang","2026-04-15 09:47:59",30.97,5,yiheng
81,15491864,"Aleksandr  Larko","2026-04-15 00:00:16",30.97,13,alexxanderlarko
82,15486932,"Mirza Milan Farabi","2026-04-25 18:23:13",30.97,14,mirzamilanfarabi
83,15491001,G-P-U,"2026-04-28 15:53:49",30.97,21,baidalinadilzhan
84,15576578,cm391,"2026-04-12 08:08:15",30.97,4,mccocoful
85,15533507,ARE-ARC,"2026-04-22 16:41:25",30.97,11,rockdevs
86,15524601,"Rushank Choksi","2026-04-14 10:17:04",30.97,4,rushankchoksi
87,15523577,"Koushik Rudra","2026-05-10 13:01:45",30.97,11,koushikrudra
88,15546991,"Maxime Carriere","2026-04-23 07:49:33",30.97,15,maximecarriere
89,15608920,wqlun06,"2026-05-14 07:09:33",30.97,9,wqlun06
90,15550542,"Nabid Nur","2026-04-23 18:59:35",30.97,9,nabidnur
91,15513679,"Pragnyan Ramtha","2026-04-19 07:34:46",30.97,7,pragnyanramtha
92,15520490,"Yaroslav kholmirzayev","2026-04-14 21:17:34",30.97,4,yaroslavkholmirzayev
93,15504737,AidenSong123,"2026-04-15 09:50:19",30.97,5,aidensong123
94,15569795,Jules,"2026-04-22 09:40:02",30.97,4,julesvanligtenberg
95,15501171,"Yi-Chia Chen","2026-04-16 16:06:08",30.97,1,threerabbits
96,15578249,Maxim,"2026-04-19 23:40:40",30.97,5,ektarr
97,15505316,"Hu Xingyu","2026-05-11 04:59:49",30.97,31,huxingyu
98,15523103,Shashikumar@9461,"2026-04-22 05:51:45",30.97,4,shashikumar9461
99,15621537,"Pedro Marques","2026-04-21 09:39:58",30.97,5,pedromarques02
100,15494942,没落者,"2026-05-10 15:01:09",30.97,26,needless090
101,15486749,Ali,"2026-04-29 19:24:29",30.97,32,asalhi
102,15506880,Forrest,"2026-04-26 12:46:51",30.97,17,yinxiaogang
103,15724950,"Nuno Ferreira","2026-04-25 21:29:52",30.97,2,ngcferreira
104,15561067,alfaraco,"2026-05-15 18:29:48",30.97,36,alfaraco12
105,15630529,"dongdong zhang","2026-05-04 12:57:24",30.97,11,mcdongdongzhang
106,15605360,"Dmitry Kozlov","2026-05-06 00:11:47",30.97,16,dkozlov
107,15673464,rxvikumar,"2026-05-06 18:07:39",30.97,6,rxvikumar
108,15488128,Kirderf,"2026-04-28 22:53:00",30.97,12,kirderf
109,15496426,Shin1001,"2026-04-29 14:35:46",30.97,1,shin1001
110,15626632,ulankaggle,"2026-05-13 20:44:06",30.97,16,ulankaggle
111,15516160,Boiled-Sweet-Potato,"2026-05-09 02:26:18",30.97,11,boiledsweetpotato
112,15720997,Pudding,"2026-05-11 17:07:23",30.97,12,christie
113,15909608,Matianyuu,"2026-05-14 11:40:51",30.97,2,matianyuu
114,15819889,"Arc Waiters","2026-05-12 21:02:08",30.97,7,"karliek,kwongtommy"
115,15488658,Lonnie,"2026-05-15 05:16:08",30.69,29,lonnieqin
116,15487246,Giba,"2026-05-14 01:11:20",30.69,18,titericz
117,15569558,Kaiser,"2026-04-15 02:43:04",30.56,6,kaiserm
118,15580691,Ueddy,"2026-04-16 03:05:34",30.56,5,ku0807
119,15573926,"Akira Hirohashi","2026-04-09 03:13:39",30.56,2,akirahirohashi
120,15568396,"neeraj b","2026-04-17 04:08:48",30.56,11,neerajb2000
121,15543568,"Chew Kok Wah","2026-05-15 23:50:12",30.56,34,chewkokwahibrainai
122,15581809,lakshmig82,"2026-04-11 01:52:48",30.56,3,lakshmig82
123,15553609,"Andy Penrose","2026-04-09 20:07:10",30.56,2,andypenrose
124,15588576,"Njabulo Bright","2026-04-15 05:01:58",30.56,6,njabulobright
125,15579969,Jack,"2026-04-13 20:42:26",30.56,6,jackvd
126,15498076,Berkay,"2026-05-12 06:23:39",30.56,11,stormchaser
127,15610453,"Aishik Rakshit","2026-04-14 18:42:42",30.56,2,aishikai
128,15538083,"Abdulmuiz Abdullateef","2026-05-11 07:32:46",30.56,17,capthwi
129,15631842,JerrySun,"2026-04-25 01:29:12",30.56,5,jerrysy
130,15631317,gmobaz,"2026-05-01 17:21:46",30.56,4,gmobaz
131,15518358,"Eslam Elokpy","2026-05-06 10:48:22",30.56,13,eslamelokpy
132,15628831,Pz,"2026-05-14 13:58:23",30.56,7,phillipvz
133,15491548,AMD,"2026-05-10 18:21:14",30.56,8,amadesouki
134,15642439,xiaobenla,"2026-04-23 10:48:32",30.56,2,xiaobenla
135,15659616,IAI,"2026-04-30 16:11:38",30.56,3,fuyu1304
136,15492686,"[Nam Ne DANO БЧБ]","2026-05-01 06:29:15",30.56,26,"johnjanson,romantamrazov"
137,15533168,P3069,"2026-04-29 20:40:56",30.56,3,pietrocol
138,15490517,khalwaniev,"2026-05-08 02:51:20",30.56,8,khalwaniev
139,15596748,hiranorm,"2026-05-03 15:08:14",30.56,10,hiranorm
140,15767001,"Svanik Kolli","2026-05-10 23:35:46",30.56,7,svanikkolli
141,15924632,"Minh Ky","2026-05-15 16:46:40",30.56,3,phamminhky
142,15489453,DMR-250248,"2026-05-16 03:46:24",30.56,22,rakbidb
143,15526621,"Octavi Grau","2026-05-13 12:02:23",30.56,4,octaviograu
144,15949457,luckyappley,"2026-05-13 14:34:42",30.56,1,luckyappley
145,15508322,"The Silverhead Engineer","2026-05-05 23:18:07",30.42,3,khoinguyennguyen
146,15523768,"Jared Chang","2026-05-01 11:57:45",30.28,16,jaredchang
147,15790757,"Jack Su","2026-05-11 07:11:22",30.28,7,jacksu0
148,15487145,"Ishraq Tanvir","2026-04-16 08:02:35",30.14,2,ishraqtanvir
149,15577902,"Alek Lacoustete","2026-04-09 14:51:50",30.14,2,aleklacoustete
150,15487265,bianfu,"2026-04-18 14:31:09",30.14,2,bianfu
151,15487392,"Bright O.H.","2026-04-13 01:31:41",30.14,8,brightoh
152,15504531,kishizaki-sci,"2026-04-19 09:52:09",30.14,17,superstringdev
153,15624080,"Sudenaz Çağlar","2026-04-19 20:02:13",30.14,3,scaglar
154,15510929,"Ravi Ramakrishnan","2026-04-18 05:16:50",30.14,2,ravi20076
155,15650757,"Joseph Rynkiewicz","2026-04-19 09:29:33",30.14,1,josephrynkiewicz
156,15496055,aigood,"2026-04-26 10:27:46",30.14,12,aigood
157,15629194,"shu yu","2026-04-23 11:41:38",30.14,3,shidun66
158,15491144,Aneesh,"2026-04-22 15:49:17",30.14,7,aneeshmukkamala
159,15729121,"Karnakbayev Artur","2026-04-28 06:35:53",30.14,5,karnakbaevarthur
160,15538651,"Henry Javier","2026-04-29 11:38:04",30.14,3,henryjavier
161,15650935,MadrARC,"2026-04-27 05:49:01",30.14,4,rahulvimalkanth
162,15625831,ccjjllt,"2026-05-06 07:44:23",30.14,7,ccjjllt
163,15492311,"yash bhaskar","2026-05-02 03:25:47",30.14,3,yash9439
164,15498948,kusui26,"2026-05-12 04:45:46",30.14,4,kusui26
165,15605185,"Son Pham","2026-04-30 13:50:42",30.14,3,sonphamorg
166,15878781,Lyra22,"2026-05-08 12:27:55",30.14,3,lyra22
167,15894490,Yihao,"2026-05-15 05:37:24",30.14,6,yihao1
168,15887533,MakiMakiAi,"2026-05-10 03:15:32",30.14,4,makimakiai
169,15839831,"Benedicte HELFER","2026-05-16 11:21:06",30.14,7,benedictehelfer
170,15940427,GMMMMM,"2026-05-13 00:04:54",30.14,1,"kalypheus,wkcwkc"
171,15499091,"Shivam Shinde","2026-05-15 05:47:03",30.14,3,shindeshivam
172,15489630,"aha_Yann Zhenxuan","2026-05-14 05:45:33",30.00,6,yannzhenxuan
173,15610824,"Anidipta Pal","2026-04-18 14:41:47",29.86,5,anidiptapal
174,15487039,"PRASHANT SHUKLA91","2026-04-20 19:05:46",29.86,4,prashantshukla91
175,15607618,"Daniel Franzen","2026-04-22 15:00:10",29.86,4,dfranzen
176,15644595,"Yusaku Muroya","2026-05-12 01:33:16",29.86,10,ymuroya47
177,15703760,"Kawchar Husain","2026-05-01 14:28:34",29.86,8,kawchar85
178,15563141,"Manoj Kumar Reddyuytd","2026-05-13 03:11:02",29.86,9,manojkumarreddyuytd
179,15660051,arodmor,"2026-05-16 08:40:11",29.86,1,arodmor
180,15488195,sanyul,"2026-04-09 00:00:11",29.72,3,sanyul
181,15516380,"Scenery SunFireInk","2026-04-16 01:12:27",29.72,12,scenerysunfireink
182,15494296,NWP,"2026-05-13 12:06:14",29.72,4,ai4funnwp
183,15553354,everythingisnew,"2026-04-09 20:22:07",29.72,5,everythingisnew
184,15509226,"Kunal Aarse","2026-04-10 09:51:57",29.72,1,kunalinfinite
185,15489813,"ありま こうせい","2026-04-14 15:03:51",29.72,12,"handudu,theunforgiven7"
186,15487221,"Richard Emslie","2026-04-11 03:10:23",29.72,15,albartrose
187,15487001,"Kamal Das","2026-04-14 06:54:33",29.72,3,kmldas
188,15504591,"Hibachi Fried Rice","2026-04-16 21:24:24",29.72,8,samvalladares
189,15602689,"Rubik’s Reasoners","2026-04-12 13:39:16",29.72,1,fadmadahouz
190,15527394,Chirag,"2026-04-25 11:21:46",29.72,11,cmirani
191,15488845,codelion,"2026-04-14 03:40:16",29.72,8,codelion
192,15519947,"Sangram Patil","2026-05-10 09:18:00",29.72,8,sangrampatil5150
193,15624579,Ant,"2026-04-15 21:52:49",29.72,1,anthonytrevino
194,15527661,JinchengZhang1,"2026-04-16 07:01:46",29.72,2,jinchengzhang1
195,15494290,"Marco Ledda","2026-04-16 14:45:46",29.72,6,marcoledda29
196,15568216,amosokello451,"2026-05-12 21:47:35",29.72,3,amosokello451
197,15632364,"youssef abukhalifa","2026-04-17 11:40:13",29.72,2,youssefmo942009
198,15488770,"Jing Hua","2026-04-22 09:13:57",29.72,8,linyeping
199,15523648,"Peter Findley","2026-04-23 16:26:39",29.72,9,raist321
200,15692031,Pai,"2026-05-06 17:24:30",29.72,2,rajathrpai
201,15668598,"Longkun Shi (Candyman)","2026-05-10 13:35:33",29.72,11,longkunshicandyman
202,15515369,yukanglimofficial,"2026-05-03 07:13:26",29.72,14,yukanglimofficial
203,15575649,TARUN8808,"2026-04-28 10:45:51",29.72,7,tarun8808
204,15523080,"Grigoryan Sergey","2026-04-28 16:04:35",29.72,2,hertryggr
205,15508100,"Nicolò Raganato","2026-05-03 19:13:47",29.72,7,nicolraganato
206,15489092,"Pascal Ledesma","2026-05-13 00:20:57",29.72,18,pascalledesma
207,15636695,ColmOBrien1234,"2026-05-07 11:15:18",29.72,3,colmobrien1234
208,15531136,HongyuChen123321,"2026-05-10 07:31:20",29.72,11,hongyuchen123321
209,15581473,float_dream,"2026-05-15 11:56:07",29.72,8,floatdream
210,15500583,"Osman Bayram","2026-05-11 15:26:20",29.72,1,osman0
211,15939033,Roy_Wang925,"2026-05-15 06:36:48",29.72,3,roywang925
212,15940888,StephenNedumpally,"2026-05-15 15:56:02",29.72,2,stephennedumpally
213,15492923,zera,"2026-04-25 22:34:29",29.44,5,zera12
214,15598045,"Marek Wyborski","2026-05-01 15:16:51",29.44,5,marekwyborski
215,15736765,junicus,"2026-05-05 12:22:43",29.44,1,junicus
216,15496549,"Shivam Singh","2026-04-17 05:19:05",29.31,6,shivamsingh17072001
217,15507195,"Chenyu Wang","2026-04-10 12:06:59",29.31,6,ataraxyyeah
218,15489269,"Kha Vo","2026-04-11 15:38:36",29.31,3,khahuras
219,15493731,"Notting Duck","2026-04-11 14:21:47",29.31,7,zejunfool
220,15487225,OverfitOracle,"2026-04-21 08:43:14",29.31,9,alisalmanrana
221,15491314,@🤞@,"2026-04-14 15:00:41",29.31,12,anglolodorf
222,15635051,wuliao_0,"2026-04-17 03:43:02",29.31,1,wuliao0
223,15670940,V-ARC,"2026-04-29 02:10:21",29.31,7,victorogobi
224,15670703,Rohanrk1813,"2026-05-06 08:41:09",29.31,5,rohanrk1813
225,15708284,HaogeBob,"2026-04-27 07:29:34",29.31,2,haogebob
226,15631331,wwwwwwrjoin,"2026-05-02 16:02:18",29.31,7,wwwwwwrjoin
227,15749676,ShelterW,"2026-04-27 10:02:17",29.31,1,shelterw
228,15748370,"Yash Marathe","2026-04-28 03:57:26",29.31,1,maratheyash
229,15504852,FOYSAL,"2026-05-15 18:55:59",29.31,11,foysalemonshanto
230,15567104,"Yash Rathod","2026-05-06 13:38:53",29.31,3,yash02102
231,15901370,yellowleaf,"2026-05-14 13:58:15",29.31,4,wcqyfly
232,15855362,"Yen Wee Lim","2026-05-13 12:26:01",29.31,6,limyenwee
233,15626722,"Manav Trivedi","2026-05-10 06:34:28",29.31,2,manavtrivedi
234,15914329,"Paulo Pinto","2026-05-13 00:12:46",29.31,4,paulorzp
235,15487614,"Santiago Maniches","2026-05-16 00:15:14",29.31,23,santmani
236,15696940,"SOLOMON SHALOM LIJO","2026-04-23 11:24:09",29.17,2,solomonshalomlijo
237,15486697,"Sergen Karaoglan","2026-04-12 14:09:45",29.03,1,sergenkaraoglan
238,15496267,"haseeb ahmad","2026-04-18 05:27:55",29.03,1,hasib007
239,15582900,ShadowCoder,"2026-04-22 01:09:06",29.03,3,fondrose
240,15589453,"Guohao Li","2026-04-26 04:56:23",29.03,3,guohaoli4
241,15789734,oQoXOdK6,"2026-05-01 04:12:28",29.03,2,oqoxodk6
242,15578773,AnpAn_Men,"2026-04-08 22:55:18",28.89,1,anpanmen
243,15597840,"Ariya rithvik P","2026-04-15 14:16:22",28.89,3,ariyarithvikp
244,15493954,lingyu07,"2026-05-13 13:57:17",28.89,7,lingyu07
245,15514812,Kujaomega,"2026-04-15 16:24:50",28.89,1,kujaomega
246,15645011,"Bogdan Kovenko","2026-04-18 11:56:48",28.89,1,bogdan355
247,15492296,"Pavel Pavlov","2026-05-03 13:28:21",28.89,11,akakii
248,15507420,Gingsong,"2026-05-04 22:37:59",28.89,14,gingsong
249,15491890,"Uday Bhatia","2026-04-21 06:18:17",28.89,1,udaybhatia
250,15723539,"Toan Doan","2026-04-24 01:11:59",28.89,1,tononnh
251,15578204,dia,"2026-04-26 09:25:33",28.89,1,adkasd
252,15672657,"Nguyễn Vũ Luân","2026-04-29 17:48:50",28.89,1,nguynvlun
253,15496434,"Rustam Bazarbayev","2026-05-01 06:21:46",28.89,2,rustambazarbayev
254,15910490,haodou092,"2026-05-14 05:42:34",28.89,4,haodou092
255,15845083,"MA RAN","2026-05-04 10:16:47",28.75,1,ranmadi120
256,15504655,arcness,"2026-05-07 00:29:57",28.61,27,lucyellu
257,15492279,"Nabil Alagi","2026-05-02 14:06:53",28.61,2,nabilalagi
258,15629685,ARCAG,"2026-05-11 14:11:52",28.61,1,manojmandal
259,15495422,tf,"2026-05-16 01:55:19",28.61,13,tfukuhara
260,15587249,"Konstantin P.","2026-04-14 21:03:12",28.47,2,mangocoder
261,15512499,Gena,"2026-04-18 20:22:55",28.47,4,gdonchyts
262,15558530,"Fernando F.","2026-04-22 22:41:45",28.47,1,shrekcrente
263,15796569,CH,"2026-04-30 12:47:11",28.47,1,cassinicraft
264,15495800,"Yang Wei Hao","2026-05-03 08:05:42",28.47,3,aichangeworld
265,15838563,"Marc Poirier","2026-05-07 18:36:57",28.47,4,"hjrbridal,marcpoirier"
266,15486665,thechint,"2026-05-11 06:34:00",28.47,4,thechint
267,15774555,"Matthew Sanders","2026-05-15 14:53:10",28.47,1,matthewtsanders
268,15501428,"Suneet Saini","2026-05-10 22:35:39",28.33,10,suneetsaini
269,15762967,"Richard Freinschlag","2026-05-01 18:53:31",28.19,4,richardfreinschlag
270,15509315,zorojuro,"2026-05-03 13:15:32",28.19,3,vyankteshdwivedi
271,15614991,Ravindra,"2026-05-10 03:46:14",28.19,2,ravi123a321at
272,15528712,"nathanael rk","2026-04-09 17:02:41",28.06,3,nathanaelrk
273,15590932,k.mas,"2026-04-10 14:29:21",28.06,1,kgethimas
274,15618659,"Nguyễn Tuấn Khôi","2026-04-16 07:50:37",28.06,2,khoingt
275,15634274,"Nguyễn Hữu Công","2026-04-16 23:27:21",28.06,1,nguynhucng
276,15749618,M0nst1r,"2026-05-07 05:58:56",28.06,1,m0nst1r
277,15962641,Arunodhayan,"2026-05-16 05:41:12",28.06,3,arunodhayan
278,15543498,"Kevin Russell","2026-05-14 00:23:40",27.92,3,kevinrussell83
279,15653875,"asma smeirat","2026-04-19 21:10:36",27.78,1,asmasmeirat
280,15731274,Genki,"2026-05-16 00:32:28",27.78,15,genkiwatanabe
281,15488460,grifth,"2026-04-09 08:23:06",27.64,1,grifth
282,15602576,"Martin Mbalkam","2026-04-23 13:14:14",27.64,2,martinmbalkam
283,15703515,"Muhammad Ibrahim","2026-04-22 21:53:36",27.64,1,muhammadibrahim3093
284,15753486,zhaozilong,"2026-05-05 02:01:25",27.64,3,zzl0112
285,15487904,"ISAKA Tsuyoshi","2026-04-20 07:52:59",27.50,2,isakatsuyoshi
286,15566573,Ayoub,"2026-04-20 12:51:00",27.36,8,algomaly
287,15588945,"Abdulkadir Ugas","2026-05-12 02:24:54",27.36,3,abdulkadirugas
288,15509541,gromml,"2026-04-22 08:40:48",27.22,1,gromml
289,15629172,"kushal bhargav","2026-04-16 08:39:19",26.81,1,kushalbhargav
290,15563108,vishnuvardhan33,"2026-04-16 10:10:55",26.81,3,vishnuvardhan33
291,15794979,Daaaaaan,"2026-04-30 14:44:49",26.81,1,dantimbrell
292,15486728,"Mithil A Vakde","2026-05-16 12:12:14",26.53,19,mithilavakde
293,15486996,Will,"2026-04-08 22:02:56",25.97,1,wguesdon
294,15642821,WAMYA,"2026-04-18 14:39:34",25.97,1,wangmyang
295,15645512,"Luke Stafford","2026-04-28 00:27:58",23.61,6,luketstafford
296,15838535,fujoos,"2026-05-13 00:33:16",22.22,1,frankossai
297,15745632,"Hammad Farooq","2026-05-13 12:41:04",22.08,8,hammadfarooq470
298,15644304,"Joel Vetterlin","2026-05-15 11:03:13",20.00,7,joelvetterlin2
299,15757155,"ashvin singh","2026-05-01 01:39:45",19.58,2,ashvinsingh
300,15581391,gsaiphani,"2026-04-10 02:21:11",19.17,2,gsaiphani
301,15661145,Bitterbot,"2026-05-16 00:02:03",19.03,10,"douglasfinlay,victormgil"
302,15520553,"Marek Nurzynski","2026-05-11 19:33:56",18.33,17,marek3000
303,15571099,"Zelin Huang","2026-04-08 15:22:01",17.92,2,blueshyy
304,15568617,waticson,"2026-05-16 15:00:15",17.92,7,yutodennou
305,15602667,"Shree Harshini S","2026-04-22 08:02:44",17.92,8,shreeharshinis
306,15557386,Ttkuma,"2026-05-01 04:43:49",17.78,4,ttkuma
307,15487648,"Oleg X","2026-04-16 10:17:55",17.50,10,allegich
308,15492223,"Charismatic Pizza Party🍕","2026-05-06 08:15:03",17.50,8,debugendless
309,15494990,yuki16,"2026-05-15 05:03:07",17.36,19,yuki16
310,15490394,"Aikyatan Sinha","2026-04-08 09:20:36",17.36,3,aikyatansinha
311,15531832,"Vicens Gaitan","2026-04-08 15:13:41",17.36,3,vicensgaitan
312,15526407,BhargavaAbhi,"2026-05-11 16:35:08",16.94,3,bhargavaabhi
313,15635437,"Ghazan Shafa","2026-04-17 14:31:11",16.94,1,ghazanshafa
314,15550694,"Ahmed Adham","2026-04-22 21:15:25",16.53,8,ahmedadham00
315,15504800,LongHuL,"2026-04-24 04:48:52",16.39,7,longhul
316,15487911,Ova,"2026-04-07 18:58:32",16.25,1,overvalueawareness
317,15627103,"JUST A CAR","2026-04-17 21:18:53",16.25,1,thegoat413
318,15522912,"Atah Alam","2026-04-07 13:27:52",16.11,1,atahalam
319,15572066,"C R Suthikshn Kumar","2026-04-07 15:25:21",16.11,1,crsuthikshnkumar
320,15847749,Pietro,"2026-05-05 14:03:57",15.83,1,pietro002
321,15966988,"Rui Yu","2026-05-15 09:11:55",15.28,1,ruiyu23
322,15720213,"ismail chahboune","2026-05-09 20:29:35",14.86,2,ismailchahboune8
323,15573950,ZhangSan,"2026-04-08 05:15:38",14.72,1,zhangsawadika
324,15497777,"[Deleted] afed50f7-d9ea-4121-be62-ca80147dd352","2026-04-22 01:33:37",13.33,12,josefedwards
325,15940549,Quinn,"2026-05-15 04:12:11",12.92,3,fooboy
326,15598083,maheswariji,"2026-04-12 04:44:15",11.81,2,maheswariji
327,15486832,automatylicza,"2026-05-14 16:15:10",11.25,5,automatylicza
328,15520048,PAG0106,"2026-04-03 05:22:44",11.25,5,pag0106
329,15494793,accforantigravity1,"2026-04-06 05:00:25",11.25,8,accforantigravity1
330,15553705,SUPERadonai,"2026-04-04 10:27:24",11.25,1,trumpadonai
331,15487512,"Md Boktiar Mahbub Murad","2026-04-16 07:58:50",11.25,3,mbmmurad
332,15562197,奶楂大魔王,"2026-04-06 03:03:36",11.25,1,rainbox47
333,15520265,IsThereAnyCode,"2026-03-30 19:14:01",10.83,1,isthereanycode
334,15489030,"Esabelle Chen","2026-04-01 07:59:04",10.83,2,esabellechen
335,15494404,"Par Desi","2026-04-05 01:17:01",10.83,5,fateen42
336,15575725,fuji0-0,"2026-04-09 07:18:18",10.83,2,fuji00
337,15628822,SherryXiaoLi,"2026-05-10 17:34:56",10.83,3,sherryxiaoli
338,15487237,"Андрей Ганин","2026-04-15 22:02:05",10.42,3,qwertyyyy769492
339,15503669,"jorge fabian avila","2026-03-30 15:20:22",10.42,2,jorgefabianavila
340,15493248,"Abdul wahab Khan","2026-04-02 03:13:24",10.42,3,abdulwahab2321
341,15520050,Pg0106,"2026-04-03 05:19:46",10.42,5,pg0106
342,15532790,"iheb2023 ","2026-04-03 10:36:19",10.42,2,iheb2023
343,15590415,"Nadine Squires","2026-04-16 00:21:08",10.42,4,nadinesquires
344,15505630,rkd,"2026-05-11 12:40:14",10.42,4,ryookd
345,15803307,"Md Mahfuz Sumon","2026-05-03 04:55:34",10.42,2,mdmahfuzsumon
346,15526608,"Mike G","2026-05-13 23:42:10",10.42,18,mrghx4
347,15503187,"Jason Yoon","2026-04-02 00:56:22",10.00,1,jasongyoon
348,15542710,"Guoping Tan","2026-04-03 05:44:39",10.00,1,guopingtan
349,15531981,stpete_ishii,"2026-04-07 12:43:38",10.00,5,stpeteishii
350,15514556,"Felipe Ferreira","2026-04-07 01:21:55",10.00,2,felipeporcher
351,15646929,"MASAAKI HAYASHI","2026-04-26 07:40:29",10.00,2,masaakihayashi
352,15486912,"Dhavan Shah","2026-03-29 20:31:22",9.58,1,dhavanshah99
353,15517365,simmons1025,"2026-03-30 10:50:46",9.58,1,simmons1025
354,15519260,"Devansh Rajput","2026-03-31 10:28:47",9.58,1,devansh66
355,15508439,UEFO-PRO,"2026-04-02 21:19:52",9.58,1,adejumobidaniel
356,15553013,babyshow,"2026-04-04 08:07:41",9.58,1,geniusscience1
357,15565027,"Harpole Stlouis","2026-04-09 10:59:02",9.58,4,harpolestlouis
358,15496118,Mcusac,"2026-04-13 20:08:50",9.58,4,mcusac
359,15488180,iga,"2026-05-12 22:32:23",9.58,6,tangtang1999
360,15575635,kura19,"2026-04-14 00:42:32",9.58,1,kura19
361,15843002,Shin7jp,"2026-05-06 13:56:55",9.58,1,shin7jp
362,15877714,eiheychan,"2026-05-09 04:50:28",9.58,2,eiheychan
363,15504534,Ozi,"2026-04-10 06:19:56",9.17,2,muhammaduzair21
364,15498573,"alex #2","2026-05-01 11:50:36",9.17,3,alex23535
365,15613382,noivan0,"2026-04-21 10:22:49",9.17,2,noivan0
366,15494960,"Albert Wang","2026-03-29 19:56:26",8.75,2,mianwang1024
367,15633664,Factored.ai,"2026-04-24 12:20:45",8.75,3,kelvinpacheco
368,15487996,janeodum,"2026-04-02 07:29:41",8.33,3,janeodum
369,15487232,w,"2026-04-21 16:06:07",8.33,9,wwwwzz
370,15514527,da_pond,"2026-03-29 21:18:34",7.50,1,dapond
371,15938245,NguyenThanhNhan,"2026-05-13 01:53:02",7.08,1,andy2709
372,15494892,"Vitor Hugo Barbedo","2026-04-11 22:51:14",6.67,9,vitorhugobarbedo
373,15741630,Boladi,"2026-05-12 14:52:14",5.83,6,boladi
374,15623968,"Luca Pana","2026-04-19 19:08:13",5.28,2,lucapana
375,15524805,"Ashish Lal","2026-04-13 14:11:53",3.75,4,watts2
376,15639962,"Irfan Khan Mohammed","2026-04-30 03:54:42",2.50,8,ikhan3rdmillennium
377,15898294,"Dawid Motyka","2026-05-11 19:43:57",2.50,2,dawidmt
378,15904638,"Uy Trần","2026-05-16 01:36:34",2.08,6,uytrn2k6
379,15492314,"Kumaran K","2026-03-28 07:54:00",1.67,2,kumarandatascientist
380,15513106,Kias,"2026-04-02 03:13:27",1.67,4,hmkias
381,15643934,"Antoniu Gugu","2026-04-19 07:44:13",1.67,2,antoniu
382,15648732,"S J Moudry","2026-05-15 02:22:33",1.67,9,sethmoudry
383,15775261,hotaq,"2026-04-30 17:25:55",1.67,2,chinnaphatkhun
384,15492914,parijit,"2026-05-03 13:26:34",1.67,9,parijit
385,15507187,"Dhruv Bansal","2026-05-05 19:19:56",0.83,5,dhruvb2028
386,15509441,Md,"2026-03-28 23:23:43",0.83,1,martindennett
387,15498452,Auravana,"2026-04-25 03:34:54",0.83,17,fountainheadle
388,15491137,"The Auditors","2026-04-05 01:48:40",0.83,7,closedloop
389,15527015,"bit source","2026-05-10 01:54:20",0.83,17,bitkaggle
390,15511824,Caresment,"2026-04-06 14:15:01",0.83,2,caresment
391,15634201,"Sébastien henry","2026-05-15 16:04:15",0.83,8,sebmontreal
0,15375729,sample_submission.json,"2025-03-19 20:08:32",0.00,1,
392,15487094,Team_haumea,"2026-05-16 05:38:30",0.00,5,"chaitanyagullapalli,marutiharsha"
393,15487847,sigmaborov,"2026-04-16 21:40:09",0.00,2,sigmaborov
394,15487893,"Mohammad Albaddawi","2026-03-25 21:29:45",0.00,1,m7mdalbaddawi
395,15488284,"prabhat kumar singh","2026-03-26 00:17:14",0.00,2,prabhatkr
396,15488312,"mohamed hassan","2026-03-26 00:09:22",0.00,1,mohamed1211
397,15488270,"Ramazan Turan","2026-03-26 01:17:29",0.00,1,ramazanturann
398,15490009,Hellboy,"2026-04-11 14:52:27",0.00,2,helmirinaldi
399,15486738,Boronic,"2026-04-11 15:34:43",0.00,2,boronic
400,15488851,"Om Raval08","2026-03-26 03:40:12",0.00,1,omraval08
401,15490679,"Mansour A. S. Ataa","2026-04-12 17:57:28",0.00,5,profmansoor
402,15490605,JawaZero,"2026-05-07 23:20:49",0.00,3,therealjabaadams
403,15490824,"Kehinde Aduewa","2026-03-26 04:15:31",0.00,1,kehindeaduewa
404,15489161,"Jayachandiran Udayakumar","2026-03-30 16:46:40",0.00,5,jaya260589
405,15491399,"Ehimen Nathaniel","2026-04-14 00:39:14",0.00,4,ehimennathan
406,15491618,"Ayan Maity08","2026-04-01 03:34:29",0.00,4,ayanmaity08
407,15492057,"code master","2026-03-26 07:53:49",0.00,1,codemasterminds01
408,15488468,"Andrew Bond","2026-03-29 00:02:28",0.00,2,ahbond
409,15493052,"num han bae","2026-04-26 11:00:48",0.00,10,numhanbae
410,15492816,"Kutlwano Maboe","2026-03-26 09:20:56",0.00,1,kutlwanomaboe
411,15492136,"Richard Trent","2026-04-12 00:01:31",0.00,9,richardtrent
412,15493174,"Avik Das","2026-03-26 09:26:15",0.00,1,avikdas567
413,15491582,MilanJoshi,"2026-03-26 10:40:52",0.00,1,mlnjsh
414,15493973,shige,"2026-04-04 05:32:13",0.00,4,shigechan
415,15493173,mochi,"2026-03-27 11:48:25",0.00,2,lau01b
416,15494573,"Suhani Gupta_04","2026-03-26 12:23:47",0.00,1,suhanigupta04
417,15494470,"Deeptanush Kapaka","2026-03-26 12:25:53",0.00,1,deeptanushk
418,15494666,"Prabhjit Singh","2026-03-26 13:03:58",0.00,1,prabhjitsingh2401
419,15494392,"jungwon Eom","2026-03-26 14:57:15",0.00,1,jungwoneom
420,15494331,Fernandosr85,"2026-04-22 03:03:03",0.00,6,fernandosr85
421,15496136,"Olaf Yunus Laitinen Imanov","2026-03-26 16:35:00",0.00,1,olaflundstrom
422,15495788,"Pradeep Gorai","2026-03-26 16:40:44",0.00,1,pradeepgorai
423,15490359,"Bob Katz","2026-04-02 04:25:54",0.00,7,bobkatz
424,15494436,"Joao Pedro Nascimento de Sousa","2026-03-26 18:13:33",0.00,1,joaopedrosousan
425,15493067,"Mezgebu Birhan","2026-03-26 18:29:02",0.00,1,mezgebubirhan
426,15494776,Frank,"2026-03-26 18:31:32",0.00,1,frank352
427,15493773,"Chaotic Era","2026-03-27 01:26:08",0.00,2,sani84
428,15495114,BFMAVE,"2026-04-06 15:15:27",0.00,4,bfmave
429,15488258,NinjaNick,"2026-03-30 00:05:35",0.00,5,ninjanick
430,15499026,"Prashant Kikani","2026-03-27 03:14:48",0.00,1,prashantkikani
431,15499682,"Himanshu Dhiman","2026-03-27 05:30:38",0.00,1,hmnshudhmn24
432,15491084,"wisnu m","2026-03-27 07:59:46",0.00,1,wisnum
433,15499857,"Ravi Raj","2026-03-30 08:31:25",0.00,2,raviraj79
434,15499038,Taurowl,"2026-03-27 14:43:42",0.00,1,lnminh
435,15495324,"Kumar Vivek","2026-03-28 17:56:01",0.00,2,kumar1234567vivek
436,15501719,michiodesuu,"2026-04-14 03:40:12",0.00,7,smallweiner
437,15493675,NC,"2026-03-27 19:51:03",0.00,1,nrupal
438,15497828,"chris keel","2026-03-27 21:35:07",0.00,1,chriskeel
439,15503591,Leandro,"2026-03-27 22:57:56",0.00,1,leandro357
440,15501058,"Nakamura Masayoshi","2026-03-28 00:29:35",0.00,1,nakamuramasayoshi
441,15504576,r3kt.ai,"2026-03-28 00:50:15",0.00,2,r3ktai
442,15490993,"Dr P Kiran Rao","2026-03-31 07:30:23",0.00,4,kiranraocsegpcet
443,15502425,"Franck Coppi","2026-03-29 02:21:00",0.00,3,franckcoppi
444,15504253,PlayInDarkness,"2026-03-28 06:45:06",0.00,1,mfarfora
445,15506836,"Deniz Okur","2026-03-28 11:31:18",0.00,1,denizokur
446,15504910,Troyxxf,"2026-04-24 02:05:34",0.00,25,troyxxf
447,15509118,"Mohammed Awal","2026-03-29 04:06:42",0.00,1,mohammedawal
448,15500883,"Sohangkumar Patel","2026-04-30 05:11:12",0.00,7,samsamurai
449,15511296,"Vinh Pham","2026-03-29 10:44:17",0.00,1,vinhpx
450,15488821,Quadruped,"2026-05-08 00:04:27",0.00,16,jaclyndeem
451,15509258,"Marc Shade","2026-04-02 00:14:25",0.00,5,marcshade
452,15504371,GanadorPlusUltra,"2026-04-02 16:22:57",0.00,2,ganadorplusultra
453,15499939,rohit186201,"2026-03-29 17:36:17",0.00,1,rohit186201
454,15514038,"Anurag Singh","2026-03-31 09:30:01",0.00,2,anuragkr19
455,15493979,AYUSHBHALLA,"2026-03-31 09:37:24",0.00,2,ayushbhalla
456,15510858,GasMan,"2026-04-29 12:07:27",0.00,4,gastondana
457,15487884,"Jordon Manuel","2026-03-30 05:48:40",0.00,1,jordonmanuel
458,15501482,"Sanjay Suthraye","2026-03-31 06:16:06",0.00,2,sanjaysuthraye96
459,15495410,"Michał Dziwisz","2026-03-30 12:54:58",0.00,2,michadziwisz
460,15494414,"Sabreen Elkamash","2026-04-25 14:42:14",0.00,2,sabreenelkamash
461,15492784,"Fred Anziko","2026-04-18 14:36:29",0.00,6,fredanziko
462,15515267,"Sheikh Rasel Ahmed","2026-04-21 10:13:54",0.00,4,sheikhraselahmed
463,15487653,"Fernando Liazar Luemba Salvador","2026-03-30 18:32:58",0.00,1,fernandollsalvador
464,15520666,Aristoteles_Borges,"2026-03-31 00:14:22",0.00,2,aristotelesborges84
465,15509610,Joelz,"2026-04-28 01:41:23",0.00,9,joelone
466,15515492,def_heaven,"2026-03-31 05:48:13",0.00,2,zianliman
467,15488191,"Armine Shaboyan","2026-04-05 14:50:43",0.00,11,armineshaboyan
468,15491975,"Muhammad Dhiyaul Atha","2026-04-28 11:12:37",0.00,17,muhammaddhiyaulatha
469,15523689,"Artem Nazemtsev","2026-04-02 12:52:23",0.00,3,artemnazemtsev
470,15524780,"Zaphyer Modal","2026-03-31 16:44:17",0.00,1,qasminumber
471,15510104,"Beyond Logic","2026-04-06 13:44:29",0.00,2,"beyondlogic,turag10"
472,15529636,"Muhammad Ibrahim Qasmi","2026-04-01 08:57:04",0.00,1,ibrahimqasimi
473,15506882,"Yâssir Dangou","2026-04-01 11:33:26",0.00,1,yssirdangou
474,15520137,Humblefool,"2026-04-01 11:48:15",0.00,2,jpandeinge
475,15520593,"Samuel Bartlett","2026-04-01 15:05:52",0.00,1,samuelbartlett1
476,15491945,QATAR26,"2026-05-12 21:40:26",0.00,7,qatar26
477,15514767,UlinNuhaAbduh,"2026-04-18 03:32:21",0.00,3,ulinnuhaabduh12345
478,15535006,"Teng Jiek See","2026-04-02 10:44:33",0.00,1,alicesee
479,15525668,"Oleh Kivernyk","2026-04-05 21:47:58",0.00,3,olehkivernyk
480,15493987,AhmedMHussien,"2026-04-18 16:29:12",0.00,5,libertyman
481,15487154,"Value Bridge","2026-04-15 21:39:45",0.00,2,tushardadlani
482,15523937,"DUKUNDIMANA Eugene","2026-04-05 09:35:59",0.00,4,dukundimanaeugene
483,15518451,"Kuldeep Mishra","2026-04-03 06:55:02",0.00,1,kmish980
484,15524594,HerbMax,"2026-04-03 06:57:54",0.00,1,herbmax
485,15491830,"hongqian miao","2026-04-03 07:27:02",0.00,1,hongqianmiao
486,15545499,"Khúc Minh Tiến","2026-04-03 08:57:49",0.00,1,khcminhtin
487,15488928,JosephErikRibeiro,"2026-04-03 17:00:43",0.00,1,josepherikribeiro
488,15549709,"Chris Roy 3","2026-04-05 15:14:03",0.00,3,chrisroy3
489,15543127,Newlooker,"2026-04-19 06:34:18",0.00,11,newlooker
490,15539968,"Crackpot Theories Juan ","2026-04-06 20:44:34",0.00,5,crackpottheoriesjuan
491,15532992,VecNull,"2026-04-04 08:59:31",0.00,2,vecnull
492,15512539,"Renato Valente","2026-04-04 14:55:12",0.00,1,renatovalente
493,15503538,Sabri,"2026-04-04 19:43:47",0.00,1,ssabribb
494,15533774,"Bo Peng","2026-04-05 01:24:32",0.00,1,bopengiowa
495,15532131,"Harsh Rajbhar","2026-04-05 09:04:40",0.00,1,harshrajbhar
496,15558810,mindset324,"2026-04-05 11:00:03",0.00,1,mindset324
497,15521632,"Alejandro L Figueroa ","2026-05-16 03:58:23",0.00,15,alejandrolfigueroa
498,15563301,"KOUSHIK KUMAR DINDA","2026-04-06 06:58:53",0.00,1,koushikkumardinda
499,15564458,AJabbitt,"2026-04-10 06:34:03",0.00,4,ajabbitt
500,15568938,Arnaud,"2026-04-07 06:27:11",0.00,1,arnaudliotta
501,15565200,BeaconTwins,"2026-04-07 06:42:45",0.00,1,beacontwins
502,15572930,"khalid benlyazid","2026-04-07 18:31:21",0.00,1,khalidbenlyazid
503,15523059,Hector,"2026-04-27 09:06:22",0.00,9,gxsw0njc4y12v
504,15574807,Ajenks,"2026-04-08 04:32:05",0.00,1,ajenks
505,15561210,yasu,"2026-05-16 00:03:04",0.00,27,yasutakababa
506,15507992,"Manish Swami","2026-04-08 09:23:41",0.00,1,manish756
507,15573262,JiraiyaBuoi,"2026-04-13 08:12:00",0.00,6,jiraiyabuoi
508,15513513,ceb0202,"2026-04-08 10:56:37",0.00,2,ceb0202
509,15517496,"Abdul Raheem","2026-04-12 05:11:01",0.00,3,abdulraheem09
510,15524694,"Mahamudul Hasan","2026-04-10 21:04:34",0.00,4,hasanwsu
511,15559269,ommo007,"2026-04-13 07:06:49",0.00,6,ommo0047
512,15569048,athlonk7,"2026-04-12 01:56:06",0.00,3,isenhart
513,15573266,"Mohd Shadab","2026-04-12 01:35:11",0.00,4,shadab80k
514,15555683,Haus399,"2026-04-11 01:01:22",0.00,5,haus399
515,15587731,"Alx Spiker","2026-04-10 03:48:47",0.00,1,alxspiker
516,15583834,Mohit,"2026-05-04 06:44:20",0.00,7,mohit98765
517,15518086,"SWETHA RAJAN","2026-04-28 02:20:47",0.00,20,swetha7hannah
518,15537940,lenno,"2026-04-11 01:59:59",0.00,3,lennartcb
519,15543053,"aboremas almasoudi","2026-05-09 02:25:00",0.00,29,aboremasalmasoudi
520,15597349,"hicham bedrani","2026-04-12 11:44:19",0.00,2,hichambedrani
521,15579723,"Neha Das","2026-04-12 20:42:38",0.00,2,nehadas55
522,15599138,S.I.T,"2026-05-14 10:22:27",0.00,10,skyeloitz
523,15593795,SYU21125,"2026-04-12 03:11:03",0.00,1,syu21125
524,15597367,saidineshpola,"2026-04-12 06:02:17",0.00,1,saidineshpola
525,15604367,derealt,"2026-04-14 01:05:16",0.00,2,derealt
526,15606554,Kyoungwon,"2026-04-13 04:49:29",0.00,1,kyoungwon
527,15487442,"Evan Pieser","2026-05-06 02:29:09",0.00,4,evanpieser
528,15606694,"Isaiah Nwukor","2026-05-10 05:12:03",0.00,10,thezetaproject
529,15600659,harsh,"2026-04-14 06:56:49",0.00,1,hrdv10
530,15609361,"Anubhav Singh","2026-04-14 09:29:03",0.00,1,xprilion
531,15615338,"Raja T","2026-05-07 12:56:51",0.00,16,rajathiagaraj
532,15507055,ActarusLab,"2026-04-15 11:09:43",0.00,2,igormerlinicomposer
533,15488528,"Michael Hoskins","2026-04-15 12:13:38",0.00,1,michaelhoskins
534,15550805,"Milan Peelman","2026-04-15 14:32:26",0.00,1,milanpeelman
535,15515495,"ajay kumar ","2026-05-11 21:38:34",0.00,14,ajaykumar2607
536,15633545,"saul contreras","2026-04-16 19:53:19",0.00,1,saulcontreras
537,15618174,AFP2025,"2026-05-16 16:00:56",0.00,13,afp2025
538,15634278,"K Q J","2026-04-23 22:51:07",0.00,3,adesolanke
539,15492276,"Russell Kirk","2026-04-18 22:16:49",0.00,2,russcore
540,15637672,"Timothy McGirl","2026-04-20 01:32:21",0.00,2,timothymcgirl
541,15566162,"Michael Day","2026-04-17 17:06:01",0.00,1,michaelday99
542,15643341,ayushokaay,"2026-04-18 06:38:23",0.00,1,ayushparwal
543,15637052,Mustyabu,"2026-04-18 10:46:13",0.00,1,mustyabu
544,15642252,"CA liao","2026-04-21 07:22:43",0.00,4,caliao
545,15645660,"Ishigaki Yuya","2026-04-19 05:15:59",0.00,1,ishigakiyuya
546,15651566,"Neo Chen","2026-05-13 21:23:47",0.00,3,neoccy
547,15649784,"Muhammad Shahzad","2026-04-21 10:13:40",0.00,3,algozee
548,15646845,"Corey He","2026-04-28 02:13:02",0.00,4,coreyhehehe
549,15620042,"Jefferson Ayika","2026-04-20 08:27:24",0.00,2,jeffersonayika
550,15615045,"Christian Rubin","2026-05-14 14:43:57",0.00,7,christianrubin
551,15666120,AshleyLoo,"2026-04-21 09:06:27",0.00,1,ashleyluo01
552,15671811,"John Taylor (AI)","2026-04-22 00:00:19",0.00,2,johntaylorai
553,15679661,"Burak Kahveci","2026-04-24 17:03:41",0.00,4,burakkahveci
554,15493705,"TABOUT MHAMED","2026-05-01 16:47:59",0.00,5,taboutmhamed
555,15636231,rickzai,"2026-04-23 10:53:06",0.00,1,rickzai
556,15694413,"Ilja Grigorjev","2026-04-23 15:48:58",0.00,1,iljagrigorjev
557,15706695,"ARC Insights","2026-05-09 11:32:27",0.00,2,mirzayasirabdullah07
558,15740441,mefiu007,"2026-04-26 00:28:41",0.00,2,mefiu007
559,15617484,BillyBoyPA,"2026-04-27 00:29:41",0.00,12,billyboypa
560,15603287,"Tran H Hoang","2026-04-26 03:00:18",0.00,1,tranhhoang
561,15741678,"Chaitanya Jamble","2026-04-26 06:46:42",0.00,1,chaitanyajamble
562,15488351,"Heirloom Seed","2026-04-26 17:52:34",0.00,1,heirloomseed
563,15552139,__rpg_,"2026-04-28 08:09:22",0.00,2,rpgksirkd
564,15643479,"Deep Thinkers 05a","2026-05-01 17:22:07",0.00,4,"arunkumart231,bharathkumar005"
565,15513091,"Jafar Banar","2026-05-06 17:22:29",0.00,10,jafarbanar
566,15623105,"Chirapathleo Saelim","2026-04-27 15:23:44",0.00,2,chirapathleosaelim
567,15753762,"Oskar Seweryn","2026-05-16 09:15:04",0.00,2,oskarseweryn
568,15755640,"Ssali Benjamin","2026-04-28 14:34:21",0.00,2,ssalibenjamin
569,15614438,"Yogesh Jadhav","2026-04-28 06:30:55",0.00,1,dynamo14324
570,15766438,"Jimmy Choi","2026-05-16 00:00:44",0.00,12,oceanchoi
571,15768172,Jena,"2026-04-28 23:06:34",0.00,1,jenarthanan
572,15764229,"Naga Bhanuja","2026-04-29 09:53:06",0.00,1,nagabhanuja
573,15779506,"Radosław Czajkowski","2026-05-16 09:47:43",0.00,4,radoslaw
574,15784813,"Adarsh ayush","2026-05-01 16:12:49",0.00,3,adarshayush
575,15732120,Virgile86,"2026-04-29 20:00:20",0.00,1,virgile86
576,15766727,"Tâm hồn vô tri","2026-04-30 13:14:06",0.00,1,tamhonvotri
577,15810231,FutaArahori,"2026-05-01 07:32:07",0.00,1,futa1arahori
578,15775213,"Akshay Balaji","2026-05-02 04:00:42",0.00,3,mrakshaybalaji
579,15641191,"Eslam Abdelaleem","2026-05-01 16:01:03",0.00,1,"benyuanliu,eslamabdelaleem,mizuchen"
580,15758532,balthazar,"2026-05-02 16:03:26",0.00,2,claudethazar
581,15835286,"J C Reddy","2026-05-05 15:56:35",0.00,2,tjhansichandrareddy
582,15750505,CaptainFlemme,"2026-05-14 17:55:14",0.00,2,captainflemme
583,15836721,"Kazi Aishikuzzaman","2026-05-10 08:42:53",0.00,6,kaziaishikuzzaman
584,15776542,"Samer Attrah","2026-05-04 19:52:55",0.00,2,samerattrah
585,15653869,Xavier,"2026-05-05 07:31:23",0.00,1,xavierp
586,15860099,"Jerod Harbor","2026-05-05 12:05:26",0.00,1,jerodharbor
587,15867504,"Junwoo Park ","2026-05-07 12:34:03",0.00,2,tompark09
588,15872317,LEEKANG,"2026-05-06 17:01:21",0.00,1,poby7722
589,15804183,LizzzYang,"2026-05-06 18:33:03",0.00,1,lizzzyang
590,15866515,"ignis pila","2026-05-06 23:00:06",0.00,1,ignispila
591,15864026,"Stephen Hope","2026-05-07 00:08:36",0.00,3,stephenhope
592,15878358,"Mirangga Jakti","2026-05-10 04:26:33",0.00,4,miranggajakti
593,15629303,Haechang,"2026-05-07 10:40:30",0.00,1,haechang
594,15756668,"Chase Bonfiglio","2026-05-08 09:56:36",0.00,2,chasebonfiglio
595,15816456,Garbid,"2026-05-09 05:27:32",0.00,7,garbid
596,15897352,"Tirth Kanani","2026-05-16 14:46:40",0.00,3,tirth1402
597,15904957,sujistar,"2026-05-09 03:26:45",0.00,1,sujistar
598,15917888,"tao wu11","2026-05-11 15:07:04",0.00,2,taowu11
599,15768999,"Arshi Khan","2026-05-10 17:03:43",0.00,1,arshikhan810
600,15787235,"Uneeb Zulfiqar","2026-05-10 18:22:55",0.00,4,chuneeb
601,15921417,"Yahya Chibani","2026-05-10 18:33:34",0.00,1,yahyachibani
602,15911679,"Mohamed Tawfeek","2026-05-10 19:31:51",0.00,1,mohammedtawfeek
603,15931782,"Master Teo","2026-05-13 00:12:25",0.00,3,sirteo
604,15595912,guozhaojie,"2026-05-13 00:05:35",0.00,3,guozhaojie
605,15735431,GeniusYY,"2026-05-12 12:04:46",0.00,1,alexyy
606,15939291,"Lucien de Rubempre","2026-05-12 13:57:37",0.00,1,lucienderubempre
607,15496324,"Amin Haidar","2026-05-12 15:25:34",0.00,1,aminhaidar
608,15603070,"LOVA SIVA MANIKANTA Ch","2026-05-16 09:13:25",0.00,3,lovasivamanikantach
609,15940264,TROBAI,"2026-05-14 00:01:16",0.00,2,trobai
610,15928875,"Kwaku Bonsu Wiredu","2026-05-13 04:23:04",0.00,1,kwakubonsuwiredu
611,15937293,"Ling Li","2026-05-15 15:43:23",0.00,2,lingster
612,15930227,Joel,"2026-05-13 13:10:52",0.00,1,joel6999
613,15956835,"Vivek Kumar","2026-05-14 03:56:51",0.00,1,ehvivek
614,15963381,"huiyuan zhang","2026-05-14 06:49:45",0.00,1,zhywzs
615,15959998,Young,"2026-05-15 10:42:59",0.00,2,youngssuchoi
616,15980237,"Longting Xu","2026-05-15 05:07:25",0.00,1,longtingxu
617,15978311,Terry,"2026-05-16 03:24:08",0.00,2,terrywongvip
618,15883525,"adhithyan u","2026-05-15 17:06:44",0.00,5,adhithyanu03
619,15922113,"[ALGERIA] MENDAS Mohammed Rafik","2026-05-15 22:48:35",0.00,1,wailfatahe
620,15915485,AIOPSAI,"2026-05-16 01:09:01",0.00,4,aiopsai
621,15947303,"SHOKHZOD ABDURAKHIMOV","2026-05-16 03:22:57",0.00,3,shokhzodabdurakhimov
622,15990010,islet,"2026-05-16 06:53:40",0.00,1,kojimar
623,15972957,Hemans4u,"2026-05-16 07:10:09",0.00,2,hemans4u
624,15990681,pantrucas,"2026-05-16 13:33:52",0.00,1,pantrucas
625,15995346,AnthonyTherrien,"2026-05-16 14:36:12",0.00,1,anthonytherrien
626,15980948,Miao,"2026-05-16 16:26:02",0.00,2,weijiemiao
